{"mass": 1.8218767403e-32, "gap": 1.602176634e-23, "width": 5e-06, "junction_length": 1e-07, "electrode_length": 2e-06, "a": 5e-09}