{"mass": 2.73281511045e-32, "gap": 1.602176634e-23, "mu": 1.602176634e-20, "rashba": 3.204353268e-30, "electrode_length": 2e-05, "junction_length": 1e-07, "a": 5e-09, "g": -10}