{"mass": 2.73281511045e-32, "gap": 1.602176634e-23, "electrode_length": 1.5e-05, "junction_length": 1e-07, "a": 1e-09, "g": -10}