{"mass": 1.8218767403e-32, "gap": 1.602176634e-23, "mu": 8.010883169999999e-22, "rashba": 3.204353268e-30, "width": 4e-06, "junction_length": 1e-07, "electrode_length": 4e-07, "disorder": 0.0, "gap_disorder": 0.0, "a": 5e-09, "phi": 3.141592653589793}