{"mass": 1.8218767403e-32, "gap": 1.602176634e-23, "mu": 1.602176634e-20, "rashba": 3.204353268e-30, "width": 2e-06, "junction_length": 1e-07, "electrode_length": 5e-06, "a": 5e-09}