{"mass": 1.8218767403e-32, "gap": 1.602176634e-23, "mu": 1.602176634e-20, "rashba": 1.602176634e-30, "width": 4e-06, "junction_length": 1e-07, "electrode_length": 6e-07, "gap_disorder": 0.0, "a": 5e-09, "phi": 3.141592653589793}