{"mass": 1.8218767403e-32, "gap": 1.602176634e-23, "mu": 1.602176634e-20, "rashba": 3.204353268e-30, "width": 1e-06, "junction_length": 1e-07, "electrode_length": 1e-05, "a": 5e-09}