{"mass": 1.8218767403e-32, "gap": 1.602176634e-23, "mu": 8.010883169999999e-23, "rashba": 3.204353268e-30, "width": 3e-06, "junction_length": 1e-07, "electrode_length": 6e-07, "a": 5e-09, "phi": 3.141592653589793}