{"mass": 2.73281511045e-32, "gap": 1.602176634e-23, "electrode_length": 5e-06, "junction_length": 5e-09, "a": 5e-09, "g": -10}